,files
0,C:\Users\suare\data\tmp\spy_seeds_seconds\10s-level\1\spy_devset.csv
1,C:\Users\suare\data\tmp\spy_seeds_seconds\10s-level\1\spy_train.csv
2,C:\Users\suare\data\tmp\spy_seeds_seconds\10s-level\1\spy_mahalanobis_state_1.csv
3,C:\Users\suare\data\tmp\spy_seeds_seconds\10s-level\1\spy_mahalanobis_state_2.csv
4,C:\Users\suare\data\tmp\spy_seeds_seconds\10s-level\1\spy_mahalanobis_state_3.csv
5,C:\Users\suare\data\tmp\spy_seeds_seconds\15s-level\1\spy_devset.csv
6,C:\Users\suare\data\tmp\spy_seeds_seconds\15s-level\1\spy_train.csv
7,C:\Users\suare\data\tmp\spy_seeds_seconds\15s-level\1\spy_mahalanobis_state_1.csv
8,C:\Users\suare\data\tmp\spy_seeds_seconds\15s-level\1\spy_mahalanobis_state_2.csv
9,C:\Users\suare\data\tmp\spy_seeds_seconds\15s-level\1\spy_mahalanobis_state_3.csv
10,C:\Users\suare\data\tmp\spy_seeds_seconds\1s-level\1\spy_devset.csv
11,C:\Users\suare\data\tmp\spy_seeds_seconds\1s-level\1\spy_train.csv
12,C:\Users\suare\data\tmp\spy_seeds_seconds\1s-level\1\spy_mahalanobis_state_1.csv
13,C:\Users\suare\data\tmp\spy_seeds_seconds\1s-level\1\spy_mahalanobis_state_2.csv
14,C:\Users\suare\data\tmp\spy_seeds_seconds\1s-level\1\spy_mahalanobis_state_3.csv
15,C:\Users\suare\data\tmp\spy_seeds_seconds\30s-level\1\spy_devset.csv
16,C:\Users\suare\data\tmp\spy_seeds_seconds\30s-level\1\spy_train.csv
17,C:\Users\suare\data\tmp\spy_seeds_seconds\30s-level\1\spy_mahalanobis_state_1.csv
18,C:\Users\suare\data\tmp\spy_seeds_seconds\30s-level\1\spy_mahalanobis_state_2.csv
19,C:\Users\suare\data\tmp\spy_seeds_seconds\30s-level\1\spy_mahalanobis_state_3.csv
20,C:\Users\suare\data\tmp\spy_seeds_seconds\5s-level\1\spy_devset.csv
21,C:\Users\suare\data\tmp\spy_seeds_seconds\5s-level\1\spy_train.csv
22,C:\Users\suare\data\tmp\spy_seeds_seconds\5s-level\1\spy_mahalanobis_state_1.csv
23,C:\Users\suare\data\tmp\spy_seeds_seconds\5s-level\1\spy_mahalanobis_state_2.csv
24,C:\Users\suare\data\tmp\spy_seeds_seconds\5s-level\1\spy_mahalanobis_state_3.csv
25,C:\Users\suare\data\tmp\spy_seeds_seconds\10s-level\2\spy_devset.csv
26,C:\Users\suare\data\tmp\spy_seeds_seconds\10s-level\2\spy_train.csv
27,C:\Users\suare\data\tmp\spy_seeds_seconds\10s-level\2\spy_mahalanobis_state_1.csv
28,C:\Users\suare\data\tmp\spy_seeds_seconds\10s-level\2\spy_mahalanobis_state_2.csv
29,C:\Users\suare\data\tmp\spy_seeds_seconds\10s-level\2\spy_mahalanobis_state_3.csv
30,C:\Users\suare\data\tmp\spy_seeds_seconds\15s-level\2\spy_devset.csv
31,C:\Users\suare\data\tmp\spy_seeds_seconds\15s-level\2\spy_train.csv
32,C:\Users\suare\data\tmp\spy_seeds_seconds\15s-level\2\spy_mahalanobis_state_1.csv
33,C:\Users\suare\data\tmp\spy_seeds_seconds\15s-level\2\spy_mahalanobis_state_2.csv
34,C:\Users\suare\data\tmp\spy_seeds_seconds\15s-level\2\spy_mahalanobis_state_3.csv
35,C:\Users\suare\data\tmp\spy_seeds_seconds\1s-level\2\spy_devset.csv
36,C:\Users\suare\data\tmp\spy_seeds_seconds\1s-level\2\spy_train.csv
37,C:\Users\suare\data\tmp\spy_seeds_seconds\1s-level\2\spy_mahalanobis_state_1.csv
38,C:\Users\suare\data\tmp\spy_seeds_seconds\1s-level\2\spy_mahalanobis_state_2.csv
39,C:\Users\suare\data\tmp\spy_seeds_seconds\1s-level\2\spy_mahalanobis_state_3.csv
40,C:\Users\suare\data\tmp\spy_seeds_seconds\30s-level\2\spy_devset.csv
41,C:\Users\suare\data\tmp\spy_seeds_seconds\30s-level\2\spy_train.csv
42,C:\Users\suare\data\tmp\spy_seeds_seconds\30s-level\2\spy_mahalanobis_state_1.csv
43,C:\Users\suare\data\tmp\spy_seeds_seconds\30s-level\2\spy_mahalanobis_state_2.csv
44,C:\Users\suare\data\tmp\spy_seeds_seconds\30s-level\2\spy_mahalanobis_state_3.csv
45,C:\Users\suare\data\tmp\spy_seeds_seconds\5s-level\2\spy_devset.csv
46,C:\Users\suare\data\tmp\spy_seeds_seconds\5s-level\2\spy_train.csv
47,C:\Users\suare\data\tmp\spy_seeds_seconds\5s-level\2\spy_mahalanobis_state_1.csv
48,C:\Users\suare\data\tmp\spy_seeds_seconds\5s-level\2\spy_mahalanobis_state_2.csv
49,C:\Users\suare\data\tmp\spy_seeds_seconds\5s-level\2\spy_mahalanobis_state_3.csv
50,C:\Users\suare\data\tmp\spy_seeds_seconds\10s-level\3\spy_devset.csv
51,C:\Users\suare\data\tmp\spy_seeds_seconds\10s-level\3\spy_train.csv
52,C:\Users\suare\data\tmp\spy_seeds_seconds\10s-level\3\spy_mahalanobis_state_1.csv
53,C:\Users\suare\data\tmp\spy_seeds_seconds\10s-level\3\spy_mahalanobis_state_2.csv
54,C:\Users\suare\data\tmp\spy_seeds_seconds\10s-level\3\spy_mahalanobis_state_3.csv
55,C:\Users\suare\data\tmp\spy_seeds_seconds\15s-level\3\spy_devset.csv
56,C:\Users\suare\data\tmp\spy_seeds_seconds\15s-level\3\spy_train.csv
57,C:\Users\suare\data\tmp\spy_seeds_seconds\15s-level\3\spy_mahalanobis_state_1.csv
58,C:\Users\suare\data\tmp\spy_seeds_seconds\15s-level\3\spy_mahalanobis_state_2.csv
59,C:\Users\suare\data\tmp\spy_seeds_seconds\15s-level\3\spy_mahalanobis_state_3.csv
60,C:\Users\suare\data\tmp\spy_seeds_seconds\1s-level\3\spy_devset.csv
61,C:\Users\suare\data\tmp\spy_seeds_seconds\1s-level\3\spy_train.csv
62,C:\Users\suare\data\tmp\spy_seeds_seconds\1s-level\3\spy_mahalanobis_state_1.csv
63,C:\Users\suare\data\tmp\spy_seeds_seconds\1s-level\3\spy_mahalanobis_state_2.csv
64,C:\Users\suare\data\tmp\spy_seeds_seconds\1s-level\3\spy_mahalanobis_state_3.csv
65,C:\Users\suare\data\tmp\spy_seeds_seconds\30s-level\3\spy_devset.csv
66,C:\Users\suare\data\tmp\spy_seeds_seconds\30s-level\3\spy_train.csv
67,C:\Users\suare\data\tmp\spy_seeds_seconds\30s-level\3\spy_mahalanobis_state_1.csv
68,C:\Users\suare\data\tmp\spy_seeds_seconds\30s-level\3\spy_mahalanobis_state_2.csv
69,C:\Users\suare\data\tmp\spy_seeds_seconds\30s-level\3\spy_mahalanobis_state_3.csv
70,C:\Users\suare\data\tmp\spy_seeds_seconds\5s-level\3\spy_devset.csv
71,C:\Users\suare\data\tmp\spy_seeds_seconds\5s-level\3\spy_train.csv
72,C:\Users\suare\data\tmp\spy_seeds_seconds\5s-level\3\spy_mahalanobis_state_1.csv
73,C:\Users\suare\data\tmp\spy_seeds_seconds\5s-level\3\spy_mahalanobis_state_2.csv
74,C:\Users\suare\data\tmp\spy_seeds_seconds\5s-level\3\spy_mahalanobis_state_3.csv
75,C:\Users\suare\data\tmp\spy_seeds_seconds\10s-level\4\spy_devset.csv
76,C:\Users\suare\data\tmp\spy_seeds_seconds\10s-level\4\spy_train.csv
77,C:\Users\suare\data\tmp\spy_seeds_seconds\10s-level\4\spy_mahalanobis_state_1.csv
78,C:\Users\suare\data\tmp\spy_seeds_seconds\10s-level\4\spy_mahalanobis_state_2.csv
79,C:\Users\suare\data\tmp\spy_seeds_seconds\10s-level\4\spy_mahalanobis_state_3.csv
80,C:\Users\suare\data\tmp\spy_seeds_seconds\15s-level\4\spy_devset.csv
81,C:\Users\suare\data\tmp\spy_seeds_seconds\15s-level\4\spy_train.csv
82,C:\Users\suare\data\tmp\spy_seeds_seconds\15s-level\4\spy_mahalanobis_state_1.csv
83,C:\Users\suare\data\tmp\spy_seeds_seconds\15s-level\4\spy_mahalanobis_state_2.csv
84,C:\Users\suare\data\tmp\spy_seeds_seconds\15s-level\4\spy_mahalanobis_state_3.csv
85,C:\Users\suare\data\tmp\spy_seeds_seconds\1s-level\4\spy_devset.csv
86,C:\Users\suare\data\tmp\spy_seeds_seconds\1s-level\4\spy_train.csv
87,C:\Users\suare\data\tmp\spy_seeds_seconds\1s-level\4\spy_mahalanobis_state_1.csv
88,C:\Users\suare\data\tmp\spy_seeds_seconds\1s-level\4\spy_mahalanobis_state_2.csv
89,C:\Users\suare\data\tmp\spy_seeds_seconds\1s-level\4\spy_mahalanobis_state_3.csv
90,C:\Users\suare\data\tmp\spy_seeds_seconds\30s-level\4\spy_devset.csv
91,C:\Users\suare\data\tmp\spy_seeds_seconds\30s-level\4\spy_train.csv
92,C:\Users\suare\data\tmp\spy_seeds_seconds\30s-level\4\spy_mahalanobis_state_1.csv
93,C:\Users\suare\data\tmp\spy_seeds_seconds\30s-level\4\spy_mahalanobis_state_2.csv
94,C:\Users\suare\data\tmp\spy_seeds_seconds\30s-level\4\spy_mahalanobis_state_3.csv
95,C:\Users\suare\data\tmp\spy_seeds_seconds\5s-level\4\spy_devset.csv
96,C:\Users\suare\data\tmp\spy_seeds_seconds\5s-level\4\spy_train.csv
97,C:\Users\suare\data\tmp\spy_seeds_seconds\5s-level\4\spy_mahalanobis_state_1.csv
98,C:\Users\suare\data\tmp\spy_seeds_seconds\5s-level\4\spy_mahalanobis_state_2.csv
99,C:\Users\suare\data\tmp\spy_seeds_seconds\5s-level\4\spy_mahalanobis_state_3.csv
100,C:\Users\suare\data\tmp\spy_seeds_seconds\10s-level\5\spy_devset.csv
101,C:\Users\suare\data\tmp\spy_seeds_seconds\10s-level\5\spy_train.csv
102,C:\Users\suare\data\tmp\spy_seeds_seconds\10s-level\5\spy_mahalanobis_state_1.csv
103,C:\Users\suare\data\tmp\spy_seeds_seconds\10s-level\5\spy_mahalanobis_state_2.csv
104,C:\Users\suare\data\tmp\spy_seeds_seconds\10s-level\5\spy_mahalanobis_state_3.csv
105,C:\Users\suare\data\tmp\spy_seeds_seconds\15s-level\5\spy_devset.csv
106,C:\Users\suare\data\tmp\spy_seeds_seconds\15s-level\5\spy_train.csv
107,C:\Users\suare\data\tmp\spy_seeds_seconds\15s-level\5\spy_mahalanobis_state_1.csv
108,C:\Users\suare\data\tmp\spy_seeds_seconds\15s-level\5\spy_mahalanobis_state_2.csv
109,C:\Users\suare\data\tmp\spy_seeds_seconds\15s-level\5\spy_mahalanobis_state_3.csv
110,C:\Users\suare\data\tmp\spy_seeds_seconds\1s-level\5\spy_devset.csv
111,C:\Users\suare\data\tmp\spy_seeds_seconds\1s-level\5\spy_train.csv
112,C:\Users\suare\data\tmp\spy_seeds_seconds\1s-level\5\spy_mahalanobis_state_1.csv
113,C:\Users\suare\data\tmp\spy_seeds_seconds\1s-level\5\spy_mahalanobis_state_2.csv
114,C:\Users\suare\data\tmp\spy_seeds_seconds\1s-level\5\spy_mahalanobis_state_3.csv
115,C:\Users\suare\data\tmp\spy_seeds_seconds\30s-level\5\spy_devset.csv
116,C:\Users\suare\data\tmp\spy_seeds_seconds\30s-level\5\spy_train.csv
117,C:\Users\suare\data\tmp\spy_seeds_seconds\30s-level\5\spy_mahalanobis_state_1.csv
118,C:\Users\suare\data\tmp\spy_seeds_seconds\30s-level\5\spy_mahalanobis_state_2.csv
119,C:\Users\suare\data\tmp\spy_seeds_seconds\30s-level\5\spy_mahalanobis_state_3.csv
120,C:\Users\suare\data\tmp\spy_seeds_seconds\5s-level\5\spy_devset.csv
121,C:\Users\suare\data\tmp\spy_seeds_seconds\5s-level\5\spy_train.csv
122,C:\Users\suare\data\tmp\spy_seeds_seconds\5s-level\5\spy_mahalanobis_state_1.csv
123,C:\Users\suare\data\tmp\spy_seeds_seconds\5s-level\5\spy_mahalanobis_state_2.csv
124,C:\Users\suare\data\tmp\spy_seeds_seconds\5s-level\5\spy_mahalanobis_state_3.csv
125,C:\Users\suare\data\tmp\spy_seeds_seconds\10s-level\6\spy_devset.csv
126,C:\Users\suare\data\tmp\spy_seeds_seconds\10s-level\6\spy_train.csv
127,C:\Users\suare\data\tmp\spy_seeds_seconds\10s-level\6\spy_mahalanobis_state_1.csv
128,C:\Users\suare\data\tmp\spy_seeds_seconds\10s-level\6\spy_mahalanobis_state_2.csv
129,C:\Users\suare\data\tmp\spy_seeds_seconds\10s-level\6\spy_mahalanobis_state_3.csv
130,C:\Users\suare\data\tmp\spy_seeds_seconds\15s-level\6\spy_devset.csv
131,C:\Users\suare\data\tmp\spy_seeds_seconds\15s-level\6\spy_train.csv
132,C:\Users\suare\data\tmp\spy_seeds_seconds\15s-level\6\spy_mahalanobis_state_1.csv
133,C:\Users\suare\data\tmp\spy_seeds_seconds\15s-level\6\spy_mahalanobis_state_2.csv
134,C:\Users\suare\data\tmp\spy_seeds_seconds\15s-level\6\spy_mahalanobis_state_3.csv
135,C:\Users\suare\data\tmp\spy_seeds_seconds\1s-level\6\spy_devset.csv
136,C:\Users\suare\data\tmp\spy_seeds_seconds\1s-level\6\spy_train.csv
137,C:\Users\suare\data\tmp\spy_seeds_seconds\1s-level\6\spy_mahalanobis_state_1.csv
138,C:\Users\suare\data\tmp\spy_seeds_seconds\1s-level\6\spy_mahalanobis_state_2.csv
139,C:\Users\suare\data\tmp\spy_seeds_seconds\1s-level\6\spy_mahalanobis_state_3.csv
140,C:\Users\suare\data\tmp\spy_seeds_seconds\30s-level\6\spy_devset.csv
141,C:\Users\suare\data\tmp\spy_seeds_seconds\30s-level\6\spy_train.csv
142,C:\Users\suare\data\tmp\spy_seeds_seconds\30s-level\6\spy_mahalanobis_state_1.csv
143,C:\Users\suare\data\tmp\spy_seeds_seconds\30s-level\6\spy_mahalanobis_state_2.csv
144,C:\Users\suare\data\tmp\spy_seeds_seconds\30s-level\6\spy_mahalanobis_state_3.csv
145,C:\Users\suare\data\tmp\spy_seeds_seconds\5s-level\6\spy_devset.csv
146,C:\Users\suare\data\tmp\spy_seeds_seconds\5s-level\6\spy_train.csv
147,C:\Users\suare\data\tmp\spy_seeds_seconds\5s-level\6\spy_mahalanobis_state_1.csv
148,C:\Users\suare\data\tmp\spy_seeds_seconds\5s-level\6\spy_mahalanobis_state_2.csv
149,C:\Users\suare\data\tmp\spy_seeds_seconds\5s-level\6\spy_mahalanobis_state_3.csv
150,C:\Users\suare\data\tmp\spy_seeds_seconds\10s-level\7\spy_devset.csv
151,C:\Users\suare\data\tmp\spy_seeds_seconds\10s-level\7\spy_train.csv
152,C:\Users\suare\data\tmp\spy_seeds_seconds\10s-level\7\spy_mahalanobis_state_1.csv
153,C:\Users\suare\data\tmp\spy_seeds_seconds\10s-level\7\spy_mahalanobis_state_2.csv
154,C:\Users\suare\data\tmp\spy_seeds_seconds\10s-level\7\spy_mahalanobis_state_3.csv
155,C:\Users\suare\data\tmp\spy_seeds_seconds\15s-level\7\spy_devset.csv
156,C:\Users\suare\data\tmp\spy_seeds_seconds\15s-level\7\spy_train.csv
157,C:\Users\suare\data\tmp\spy_seeds_seconds\15s-level\7\spy_mahalanobis_state_1.csv
158,C:\Users\suare\data\tmp\spy_seeds_seconds\15s-level\7\spy_mahalanobis_state_2.csv
159,C:\Users\suare\data\tmp\spy_seeds_seconds\15s-level\7\spy_mahalanobis_state_3.csv
160,C:\Users\suare\data\tmp\spy_seeds_seconds\1s-level\7\spy_devset.csv
161,C:\Users\suare\data\tmp\spy_seeds_seconds\1s-level\7\spy_train.csv
162,C:\Users\suare\data\tmp\spy_seeds_seconds\1s-level\7\spy_mahalanobis_state_1.csv
163,C:\Users\suare\data\tmp\spy_seeds_seconds\1s-level\7\spy_mahalanobis_state_2.csv
164,C:\Users\suare\data\tmp\spy_seeds_seconds\1s-level\7\spy_mahalanobis_state_3.csv
165,C:\Users\suare\data\tmp\spy_seeds_seconds\30s-level\7\spy_devset.csv
166,C:\Users\suare\data\tmp\spy_seeds_seconds\30s-level\7\spy_train.csv
167,C:\Users\suare\data\tmp\spy_seeds_seconds\30s-level\7\spy_mahalanobis_state_1.csv
168,C:\Users\suare\data\tmp\spy_seeds_seconds\30s-level\7\spy_mahalanobis_state_2.csv
169,C:\Users\suare\data\tmp\spy_seeds_seconds\30s-level\7\spy_mahalanobis_state_3.csv
170,C:\Users\suare\data\tmp\spy_seeds_seconds\5s-level\7\spy_devset.csv
171,C:\Users\suare\data\tmp\spy_seeds_seconds\5s-level\7\spy_train.csv
172,C:\Users\suare\data\tmp\spy_seeds_seconds\5s-level\7\spy_mahalanobis_state_1.csv
173,C:\Users\suare\data\tmp\spy_seeds_seconds\5s-level\7\spy_mahalanobis_state_2.csv
174,C:\Users\suare\data\tmp\spy_seeds_seconds\5s-level\7\spy_mahalanobis_state_3.csv
175,C:\Users\suare\data\tmp\spy_seeds_seconds\10s-level\8\spy_devset.csv
176,C:\Users\suare\data\tmp\spy_seeds_seconds\10s-level\8\spy_train.csv
177,C:\Users\suare\data\tmp\spy_seeds_seconds\10s-level\8\spy_mahalanobis_state_1.csv
178,C:\Users\suare\data\tmp\spy_seeds_seconds\10s-level\8\spy_mahalanobis_state_2.csv
179,C:\Users\suare\data\tmp\spy_seeds_seconds\10s-level\8\spy_mahalanobis_state_3.csv
180,C:\Users\suare\data\tmp\spy_seeds_seconds\15s-level\8\spy_devset.csv
181,C:\Users\suare\data\tmp\spy_seeds_seconds\15s-level\8\spy_train.csv
182,C:\Users\suare\data\tmp\spy_seeds_seconds\15s-level\8\spy_mahalanobis_state_1.csv
183,C:\Users\suare\data\tmp\spy_seeds_seconds\15s-level\8\spy_mahalanobis_state_2.csv
184,C:\Users\suare\data\tmp\spy_seeds_seconds\15s-level\8\spy_mahalanobis_state_3.csv
185,C:\Users\suare\data\tmp\spy_seeds_seconds\1s-level\8\spy_devset.csv
186,C:\Users\suare\data\tmp\spy_seeds_seconds\1s-level\8\spy_train.csv
187,C:\Users\suare\data\tmp\spy_seeds_seconds\1s-level\8\spy_mahalanobis_state_1.csv
188,C:\Users\suare\data\tmp\spy_seeds_seconds\1s-level\8\spy_mahalanobis_state_2.csv
189,C:\Users\suare\data\tmp\spy_seeds_seconds\1s-level\8\spy_mahalanobis_state_3.csv
190,C:\Users\suare\data\tmp\spy_seeds_seconds\30s-level\8\spy_devset.csv
191,C:\Users\suare\data\tmp\spy_seeds_seconds\30s-level\8\spy_train.csv
192,C:\Users\suare\data\tmp\spy_seeds_seconds\30s-level\8\spy_mahalanobis_state_1.csv
193,C:\Users\suare\data\tmp\spy_seeds_seconds\30s-level\8\spy_mahalanobis_state_2.csv
194,C:\Users\suare\data\tmp\spy_seeds_seconds\30s-level\8\spy_mahalanobis_state_3.csv
195,C:\Users\suare\data\tmp\spy_seeds_seconds\5s-level\8\spy_devset.csv
196,C:\Users\suare\data\tmp\spy_seeds_seconds\5s-level\8\spy_train.csv
197,C:\Users\suare\data\tmp\spy_seeds_seconds\5s-level\8\spy_mahalanobis_state_1.csv
198,C:\Users\suare\data\tmp\spy_seeds_seconds\5s-level\8\spy_mahalanobis_state_2.csv
199,C:\Users\suare\data\tmp\spy_seeds_seconds\5s-level\8\spy_mahalanobis_state_3.csv
200,C:\Users\suare\data\tmp\spy_seeds_seconds\10s-level\9\spy_devset.csv
201,C:\Users\suare\data\tmp\spy_seeds_seconds\10s-level\9\spy_train.csv
202,C:\Users\suare\data\tmp\spy_seeds_seconds\10s-level\9\spy_mahalanobis_state_1.csv
203,C:\Users\suare\data\tmp\spy_seeds_seconds\10s-level\9\spy_mahalanobis_state_2.csv
204,C:\Users\suare\data\tmp\spy_seeds_seconds\10s-level\9\spy_mahalanobis_state_3.csv
205,C:\Users\suare\data\tmp\spy_seeds_seconds\15s-level\9\spy_devset.csv
206,C:\Users\suare\data\tmp\spy_seeds_seconds\15s-level\9\spy_train.csv
207,C:\Users\suare\data\tmp\spy_seeds_seconds\15s-level\9\spy_mahalanobis_state_1.csv
208,C:\Users\suare\data\tmp\spy_seeds_seconds\15s-level\9\spy_mahalanobis_state_2.csv
209,C:\Users\suare\data\tmp\spy_seeds_seconds\15s-level\9\spy_mahalanobis_state_3.csv
210,C:\Users\suare\data\tmp\spy_seeds_seconds\1s-level\9\spy_devset.csv
211,C:\Users\suare\data\tmp\spy_seeds_seconds\1s-level\9\spy_train.csv
212,C:\Users\suare\data\tmp\spy_seeds_seconds\1s-level\9\spy_mahalanobis_state_1.csv
213,C:\Users\suare\data\tmp\spy_seeds_seconds\1s-level\9\spy_mahalanobis_state_2.csv
214,C:\Users\suare\data\tmp\spy_seeds_seconds\1s-level\9\spy_mahalanobis_state_3.csv
215,C:\Users\suare\data\tmp\spy_seeds_seconds\30s-level\9\spy_devset.csv
216,C:\Users\suare\data\tmp\spy_seeds_seconds\30s-level\9\spy_train.csv
217,C:\Users\suare\data\tmp\spy_seeds_seconds\30s-level\9\spy_mahalanobis_state_1.csv
218,C:\Users\suare\data\tmp\spy_seeds_seconds\30s-level\9\spy_mahalanobis_state_2.csv
219,C:\Users\suare\data\tmp\spy_seeds_seconds\30s-level\9\spy_mahalanobis_state_3.csv
220,C:\Users\suare\data\tmp\spy_seeds_seconds\5s-level\9\spy_devset.csv
221,C:\Users\suare\data\tmp\spy_seeds_seconds\5s-level\9\spy_train.csv
222,C:\Users\suare\data\tmp\spy_seeds_seconds\5s-level\9\spy_mahalanobis_state_1.csv
223,C:\Users\suare\data\tmp\spy_seeds_seconds\5s-level\9\spy_mahalanobis_state_2.csv
224,C:\Users\suare\data\tmp\spy_seeds_seconds\5s-level\9\spy_mahalanobis_state_3.csv
225,C:\Users\suare\data\tmp\spy_seeds_seconds\10s-level\10\spy_devset.csv
226,C:\Users\suare\data\tmp\spy_seeds_seconds\10s-level\10\spy_train.csv
227,C:\Users\suare\data\tmp\spy_seeds_seconds\10s-level\10\spy_mahalanobis_state_1.csv
228,C:\Users\suare\data\tmp\spy_seeds_seconds\10s-level\10\spy_mahalanobis_state_2.csv
229,C:\Users\suare\data\tmp\spy_seeds_seconds\10s-level\10\spy_mahalanobis_state_3.csv
230,C:\Users\suare\data\tmp\spy_seeds_seconds\15s-level\10\spy_devset.csv
231,C:\Users\suare\data\tmp\spy_seeds_seconds\15s-level\10\spy_train.csv
232,C:\Users\suare\data\tmp\spy_seeds_seconds\15s-level\10\spy_mahalanobis_state_1.csv
233,C:\Users\suare\data\tmp\spy_seeds_seconds\15s-level\10\spy_mahalanobis_state_2.csv
234,C:\Users\suare\data\tmp\spy_seeds_seconds\15s-level\10\spy_mahalanobis_state_3.csv
235,C:\Users\suare\data\tmp\spy_seeds_seconds\1s-level\10\spy_devset.csv
236,C:\Users\suare\data\tmp\spy_seeds_seconds\1s-level\10\spy_train.csv
237,C:\Users\suare\data\tmp\spy_seeds_seconds\1s-level\10\spy_mahalanobis_state_1.csv
238,C:\Users\suare\data\tmp\spy_seeds_seconds\1s-level\10\spy_mahalanobis_state_2.csv
239,C:\Users\suare\data\tmp\spy_seeds_seconds\1s-level\10\spy_mahalanobis_state_3.csv
240,C:\Users\suare\data\tmp\spy_seeds_seconds\30s-level\10\spy_devset.csv
241,C:\Users\suare\data\tmp\spy_seeds_seconds\30s-level\10\spy_train.csv
242,C:\Users\suare\data\tmp\spy_seeds_seconds\30s-level\10\spy_mahalanobis_state_1.csv
243,C:\Users\suare\data\tmp\spy_seeds_seconds\30s-level\10\spy_mahalanobis_state_2.csv
244,C:\Users\suare\data\tmp\spy_seeds_seconds\30s-level\10\spy_mahalanobis_state_3.csv
245,C:\Users\suare\data\tmp\spy_seeds_seconds\5s-level\10\spy_devset.csv
246,C:\Users\suare\data\tmp\spy_seeds_seconds\5s-level\10\spy_train.csv
247,C:\Users\suare\data\tmp\spy_seeds_seconds\5s-level\10\spy_mahalanobis_state_1.csv
248,C:\Users\suare\data\tmp\spy_seeds_seconds\5s-level\10\spy_mahalanobis_state_2.csv
249,C:\Users\suare\data\tmp\spy_seeds_seconds\5s-level\10\spy_mahalanobis_state_3.csv
250,C:\Users\suare\data\tmp\spy_seeds_seconds\10s-level\11\spy_devset.csv
251,C:\Users\suare\data\tmp\spy_seeds_seconds\10s-level\11\spy_train.csv
252,C:\Users\suare\data\tmp\spy_seeds_seconds\10s-level\11\spy_mahalanobis_state_1.csv
253,C:\Users\suare\data\tmp\spy_seeds_seconds\10s-level\11\spy_mahalanobis_state_2.csv
254,C:\Users\suare\data\tmp\spy_seeds_seconds\10s-level\11\spy_mahalanobis_state_3.csv
255,C:\Users\suare\data\tmp\spy_seeds_seconds\15s-level\11\spy_devset.csv
256,C:\Users\suare\data\tmp\spy_seeds_seconds\15s-level\11\spy_train.csv
257,C:\Users\suare\data\tmp\spy_seeds_seconds\15s-level\11\spy_mahalanobis_state_1.csv
258,C:\Users\suare\data\tmp\spy_seeds_seconds\15s-level\11\spy_mahalanobis_state_2.csv
259,C:\Users\suare\data\tmp\spy_seeds_seconds\15s-level\11\spy_mahalanobis_state_3.csv
260,C:\Users\suare\data\tmp\spy_seeds_seconds\1s-level\11\spy_devset.csv
261,C:\Users\suare\data\tmp\spy_seeds_seconds\1s-level\11\spy_train.csv
262,C:\Users\suare\data\tmp\spy_seeds_seconds\1s-level\11\spy_mahalanobis_state_1.csv
263,C:\Users\suare\data\tmp\spy_seeds_seconds\1s-level\11\spy_mahalanobis_state_2.csv
264,C:\Users\suare\data\tmp\spy_seeds_seconds\1s-level\11\spy_mahalanobis_state_3.csv
265,C:\Users\suare\data\tmp\spy_seeds_seconds\30s-level\11\spy_devset.csv
266,C:\Users\suare\data\tmp\spy_seeds_seconds\30s-level\11\spy_train.csv
267,C:\Users\suare\data\tmp\spy_seeds_seconds\30s-level\11\spy_mahalanobis_state_1.csv
268,C:\Users\suare\data\tmp\spy_seeds_seconds\30s-level\11\spy_mahalanobis_state_2.csv
269,C:\Users\suare\data\tmp\spy_seeds_seconds\30s-level\11\spy_mahalanobis_state_3.csv
270,C:\Users\suare\data\tmp\spy_seeds_seconds\5s-level\11\spy_devset.csv
271,C:\Users\suare\data\tmp\spy_seeds_seconds\5s-level\11\spy_train.csv
272,C:\Users\suare\data\tmp\spy_seeds_seconds\5s-level\11\spy_mahalanobis_state_1.csv
273,C:\Users\suare\data\tmp\spy_seeds_seconds\5s-level\11\spy_mahalanobis_state_2.csv
274,C:\Users\suare\data\tmp\spy_seeds_seconds\5s-level\11\spy_mahalanobis_state_3.csv
275,C:\Users\suare\data\tmp\spy_seeds_seconds\10s-level\12\spy_devset.csv
276,C:\Users\suare\data\tmp\spy_seeds_seconds\10s-level\12\spy_train.csv
277,C:\Users\suare\data\tmp\spy_seeds_seconds\10s-level\12\spy_mahalanobis_state_1.csv
278,C:\Users\suare\data\tmp\spy_seeds_seconds\10s-level\12\spy_mahalanobis_state_2.csv
279,C:\Users\suare\data\tmp\spy_seeds_seconds\10s-level\12\spy_mahalanobis_state_3.csv
280,C:\Users\suare\data\tmp\spy_seeds_seconds\15s-level\12\spy_devset.csv
281,C:\Users\suare\data\tmp\spy_seeds_seconds\15s-level\12\spy_train.csv
282,C:\Users\suare\data\tmp\spy_seeds_seconds\15s-level\12\spy_mahalanobis_state_1.csv
283,C:\Users\suare\data\tmp\spy_seeds_seconds\15s-level\12\spy_mahalanobis_state_2.csv
284,C:\Users\suare\data\tmp\spy_seeds_seconds\15s-level\12\spy_mahalanobis_state_3.csv
285,C:\Users\suare\data\tmp\spy_seeds_seconds\1s-level\12\spy_devset.csv
286,C:\Users\suare\data\tmp\spy_seeds_seconds\1s-level\12\spy_train.csv
287,C:\Users\suare\data\tmp\spy_seeds_seconds\1s-level\12\spy_mahalanobis_state_1.csv
288,C:\Users\suare\data\tmp\spy_seeds_seconds\1s-level\12\spy_mahalanobis_state_2.csv
289,C:\Users\suare\data\tmp\spy_seeds_seconds\1s-level\12\spy_mahalanobis_state_3.csv
290,C:\Users\suare\data\tmp\spy_seeds_seconds\30s-level\12\spy_devset.csv
291,C:\Users\suare\data\tmp\spy_seeds_seconds\30s-level\12\spy_train.csv
292,C:\Users\suare\data\tmp\spy_seeds_seconds\30s-level\12\spy_mahalanobis_state_1.csv
293,C:\Users\suare\data\tmp\spy_seeds_seconds\30s-level\12\spy_mahalanobis_state_2.csv
294,C:\Users\suare\data\tmp\spy_seeds_seconds\30s-level\12\spy_mahalanobis_state_3.csv
295,C:\Users\suare\data\tmp\spy_seeds_seconds\5s-level\12\spy_devset.csv
296,C:\Users\suare\data\tmp\spy_seeds_seconds\5s-level\12\spy_train.csv
297,C:\Users\suare\data\tmp\spy_seeds_seconds\5s-level\12\spy_mahalanobis_state_1.csv
298,C:\Users\suare\data\tmp\spy_seeds_seconds\5s-level\12\spy_mahalanobis_state_2.csv
299,C:\Users\suare\data\tmp\spy_seeds_seconds\5s-level\12\spy_mahalanobis_state_3.csv
300,C:\Users\suare\data\tmp\spy_seeds_seconds\10s-level\13\spy_devset.csv
301,C:\Users\suare\data\tmp\spy_seeds_seconds\10s-level\13\spy_train.csv
302,C:\Users\suare\data\tmp\spy_seeds_seconds\10s-level\13\spy_mahalanobis_state_1.csv
303,C:\Users\suare\data\tmp\spy_seeds_seconds\10s-level\13\spy_mahalanobis_state_2.csv
304,C:\Users\suare\data\tmp\spy_seeds_seconds\10s-level\13\spy_mahalanobis_state_3.csv
305,C:\Users\suare\data\tmp\spy_seeds_seconds\15s-level\13\spy_devset.csv
306,C:\Users\suare\data\tmp\spy_seeds_seconds\15s-level\13\spy_train.csv
307,C:\Users\suare\data\tmp\spy_seeds_seconds\15s-level\13\spy_mahalanobis_state_1.csv
308,C:\Users\suare\data\tmp\spy_seeds_seconds\15s-level\13\spy_mahalanobis_state_2.csv
309,C:\Users\suare\data\tmp\spy_seeds_seconds\15s-level\13\spy_mahalanobis_state_3.csv
310,C:\Users\suare\data\tmp\spy_seeds_seconds\1s-level\13\spy_devset.csv
311,C:\Users\suare\data\tmp\spy_seeds_seconds\1s-level\13\spy_train.csv
312,C:\Users\suare\data\tmp\spy_seeds_seconds\1s-level\13\spy_mahalanobis_state_1.csv
313,C:\Users\suare\data\tmp\spy_seeds_seconds\1s-level\13\spy_mahalanobis_state_2.csv
314,C:\Users\suare\data\tmp\spy_seeds_seconds\1s-level\13\spy_mahalanobis_state_3.csv
315,C:\Users\suare\data\tmp\spy_seeds_seconds\30s-level\13\spy_devset.csv
316,C:\Users\suare\data\tmp\spy_seeds_seconds\30s-level\13\spy_train.csv
317,C:\Users\suare\data\tmp\spy_seeds_seconds\30s-level\13\spy_mahalanobis_state_1.csv
318,C:\Users\suare\data\tmp\spy_seeds_seconds\30s-level\13\spy_mahalanobis_state_2.csv
319,C:\Users\suare\data\tmp\spy_seeds_seconds\30s-level\13\spy_mahalanobis_state_3.csv
320,C:\Users\suare\data\tmp\spy_seeds_seconds\5s-level\13\spy_devset.csv
321,C:\Users\suare\data\tmp\spy_seeds_seconds\5s-level\13\spy_train.csv
322,C:\Users\suare\data\tmp\spy_seeds_seconds\5s-level\13\spy_mahalanobis_state_1.csv
323,C:\Users\suare\data\tmp\spy_seeds_seconds\5s-level\13\spy_mahalanobis_state_2.csv
324,C:\Users\suare\data\tmp\spy_seeds_seconds\5s-level\13\spy_mahalanobis_state_3.csv
325,C:\Users\suare\data\tmp\spy_seeds_seconds\10s-level\14\spy_devset.csv
326,C:\Users\suare\data\tmp\spy_seeds_seconds\10s-level\14\spy_train.csv
327,C:\Users\suare\data\tmp\spy_seeds_seconds\10s-level\14\spy_mahalanobis_state_1.csv
328,C:\Users\suare\data\tmp\spy_seeds_seconds\10s-level\14\spy_mahalanobis_state_2.csv
329,C:\Users\suare\data\tmp\spy_seeds_seconds\10s-level\14\spy_mahalanobis_state_3.csv
330,C:\Users\suare\data\tmp\spy_seeds_seconds\15s-level\14\spy_devset.csv
331,C:\Users\suare\data\tmp\spy_seeds_seconds\15s-level\14\spy_train.csv
332,C:\Users\suare\data\tmp\spy_seeds_seconds\15s-level\14\spy_mahalanobis_state_1.csv
333,C:\Users\suare\data\tmp\spy_seeds_seconds\15s-level\14\spy_mahalanobis_state_2.csv
334,C:\Users\suare\data\tmp\spy_seeds_seconds\15s-level\14\spy_mahalanobis_state_3.csv
335,C:\Users\suare\data\tmp\spy_seeds_seconds\1s-level\14\spy_devset.csv
336,C:\Users\suare\data\tmp\spy_seeds_seconds\1s-level\14\spy_train.csv
337,C:\Users\suare\data\tmp\spy_seeds_seconds\1s-level\14\spy_mahalanobis_state_1.csv
338,C:\Users\suare\data\tmp\spy_seeds_seconds\1s-level\14\spy_mahalanobis_state_2.csv
339,C:\Users\suare\data\tmp\spy_seeds_seconds\1s-level\14\spy_mahalanobis_state_3.csv
340,C:\Users\suare\data\tmp\spy_seeds_seconds\30s-level\14\spy_devset.csv
341,C:\Users\suare\data\tmp\spy_seeds_seconds\30s-level\14\spy_train.csv
342,C:\Users\suare\data\tmp\spy_seeds_seconds\30s-level\14\spy_mahalanobis_state_1.csv
343,C:\Users\suare\data\tmp\spy_seeds_seconds\30s-level\14\spy_mahalanobis_state_2.csv
344,C:\Users\suare\data\tmp\spy_seeds_seconds\30s-level\14\spy_mahalanobis_state_3.csv
345,C:\Users\suare\data\tmp\spy_seeds_seconds\5s-level\14\spy_devset.csv
346,C:\Users\suare\data\tmp\spy_seeds_seconds\5s-level\14\spy_train.csv
347,C:\Users\suare\data\tmp\spy_seeds_seconds\5s-level\14\spy_mahalanobis_state_1.csv
348,C:\Users\suare\data\tmp\spy_seeds_seconds\5s-level\14\spy_mahalanobis_state_2.csv
349,C:\Users\suare\data\tmp\spy_seeds_seconds\5s-level\14\spy_mahalanobis_state_3.csv
350,C:\Users\suare\data\tmp\spy_seeds_seconds\10s-level\15\spy_devset.csv
351,C:\Users\suare\data\tmp\spy_seeds_seconds\10s-level\15\spy_train.csv
352,C:\Users\suare\data\tmp\spy_seeds_seconds\10s-level\15\spy_mahalanobis_state_1.csv
353,C:\Users\suare\data\tmp\spy_seeds_seconds\10s-level\15\spy_mahalanobis_state_2.csv
354,C:\Users\suare\data\tmp\spy_seeds_seconds\10s-level\15\spy_mahalanobis_state_3.csv
355,C:\Users\suare\data\tmp\spy_seeds_seconds\15s-level\15\spy_devset.csv
356,C:\Users\suare\data\tmp\spy_seeds_seconds\15s-level\15\spy_train.csv
357,C:\Users\suare\data\tmp\spy_seeds_seconds\15s-level\15\spy_mahalanobis_state_1.csv
358,C:\Users\suare\data\tmp\spy_seeds_seconds\15s-level\15\spy_mahalanobis_state_2.csv
359,C:\Users\suare\data\tmp\spy_seeds_seconds\15s-level\15\spy_mahalanobis_state_3.csv
360,C:\Users\suare\data\tmp\spy_seeds_seconds\1s-level\15\spy_devset.csv
361,C:\Users\suare\data\tmp\spy_seeds_seconds\1s-level\15\spy_train.csv
362,C:\Users\suare\data\tmp\spy_seeds_seconds\1s-level\15\spy_mahalanobis_state_1.csv
363,C:\Users\suare\data\tmp\spy_seeds_seconds\1s-level\15\spy_mahalanobis_state_2.csv
364,C:\Users\suare\data\tmp\spy_seeds_seconds\1s-level\15\spy_mahalanobis_state_3.csv
365,C:\Users\suare\data\tmp\spy_seeds_seconds\30s-level\15\spy_devset.csv
366,C:\Users\suare\data\tmp\spy_seeds_seconds\30s-level\15\spy_train.csv
367,C:\Users\suare\data\tmp\spy_seeds_seconds\30s-level\15\spy_mahalanobis_state_1.csv
368,C:\Users\suare\data\tmp\spy_seeds_seconds\30s-level\15\spy_mahalanobis_state_2.csv
369,C:\Users\suare\data\tmp\spy_seeds_seconds\30s-level\15\spy_mahalanobis_state_3.csv
370,C:\Users\suare\data\tmp\spy_seeds_seconds\5s-level\15\spy_devset.csv
371,C:\Users\suare\data\tmp\spy_seeds_seconds\5s-level\15\spy_train.csv
372,C:\Users\suare\data\tmp\spy_seeds_seconds\5s-level\15\spy_mahalanobis_state_1.csv
373,C:\Users\suare\data\tmp\spy_seeds_seconds\5s-level\15\spy_mahalanobis_state_2.csv
374,C:\Users\suare\data\tmp\spy_seeds_seconds\5s-level\15\spy_mahalanobis_state_3.csv
375,C:\Users\suare\data\tmp\spy_seeds_seconds\10s-level\16\spy_devset.csv
376,C:\Users\suare\data\tmp\spy_seeds_seconds\10s-level\16\spy_train.csv
377,C:\Users\suare\data\tmp\spy_seeds_seconds\10s-level\16\spy_mahalanobis_state_1.csv
378,C:\Users\suare\data\tmp\spy_seeds_seconds\10s-level\16\spy_mahalanobis_state_2.csv
379,C:\Users\suare\data\tmp\spy_seeds_seconds\10s-level\16\spy_mahalanobis_state_3.csv
380,C:\Users\suare\data\tmp\spy_seeds_seconds\15s-level\16\spy_devset.csv
381,C:\Users\suare\data\tmp\spy_seeds_seconds\15s-level\16\spy_train.csv
382,C:\Users\suare\data\tmp\spy_seeds_seconds\15s-level\16\spy_mahalanobis_state_1.csv
383,C:\Users\suare\data\tmp\spy_seeds_seconds\15s-level\16\spy_mahalanobis_state_2.csv
384,C:\Users\suare\data\tmp\spy_seeds_seconds\15s-level\16\spy_mahalanobis_state_3.csv
385,C:\Users\suare\data\tmp\spy_seeds_seconds\1s-level\16\spy_devset.csv
386,C:\Users\suare\data\tmp\spy_seeds_seconds\1s-level\16\spy_train.csv
387,C:\Users\suare\data\tmp\spy_seeds_seconds\1s-level\16\spy_mahalanobis_state_1.csv
388,C:\Users\suare\data\tmp\spy_seeds_seconds\1s-level\16\spy_mahalanobis_state_2.csv
389,C:\Users\suare\data\tmp\spy_seeds_seconds\1s-level\16\spy_mahalanobis_state_3.csv
390,C:\Users\suare\data\tmp\spy_seeds_seconds\30s-level\16\spy_devset.csv
391,C:\Users\suare\data\tmp\spy_seeds_seconds\30s-level\16\spy_train.csv
392,C:\Users\suare\data\tmp\spy_seeds_seconds\30s-level\16\spy_mahalanobis_state_1.csv
393,C:\Users\suare\data\tmp\spy_seeds_seconds\30s-level\16\spy_mahalanobis_state_2.csv
394,C:\Users\suare\data\tmp\spy_seeds_seconds\30s-level\16\spy_mahalanobis_state_3.csv
395,C:\Users\suare\data\tmp\spy_seeds_seconds\5s-level\16\spy_devset.csv
396,C:\Users\suare\data\tmp\spy_seeds_seconds\5s-level\16\spy_train.csv
397,C:\Users\suare\data\tmp\spy_seeds_seconds\5s-level\16\spy_mahalanobis_state_1.csv
398,C:\Users\suare\data\tmp\spy_seeds_seconds\5s-level\16\spy_mahalanobis_state_2.csv
399,C:\Users\suare\data\tmp\spy_seeds_seconds\5s-level\16\spy_mahalanobis_state_3.csv
400,C:\Users\suare\data\tmp\spy_seeds_seconds\10s-level\17\spy_devset.csv
401,C:\Users\suare\data\tmp\spy_seeds_seconds\10s-level\17\spy_train.csv
402,C:\Users\suare\data\tmp\spy_seeds_seconds\10s-level\17\spy_mahalanobis_state_1.csv
403,C:\Users\suare\data\tmp\spy_seeds_seconds\10s-level\17\spy_mahalanobis_state_2.csv
404,C:\Users\suare\data\tmp\spy_seeds_seconds\10s-level\17\spy_mahalanobis_state_3.csv
405,C:\Users\suare\data\tmp\spy_seeds_seconds\15s-level\17\spy_devset.csv
406,C:\Users\suare\data\tmp\spy_seeds_seconds\15s-level\17\spy_train.csv
407,C:\Users\suare\data\tmp\spy_seeds_seconds\15s-level\17\spy_mahalanobis_state_1.csv
408,C:\Users\suare\data\tmp\spy_seeds_seconds\15s-level\17\spy_mahalanobis_state_2.csv
409,C:\Users\suare\data\tmp\spy_seeds_seconds\15s-level\17\spy_mahalanobis_state_3.csv
410,C:\Users\suare\data\tmp\spy_seeds_seconds\1s-level\17\spy_devset.csv
411,C:\Users\suare\data\tmp\spy_seeds_seconds\1s-level\17\spy_train.csv
412,C:\Users\suare\data\tmp\spy_seeds_seconds\1s-level\17\spy_mahalanobis_state_1.csv
413,C:\Users\suare\data\tmp\spy_seeds_seconds\1s-level\17\spy_mahalanobis_state_2.csv
414,C:\Users\suare\data\tmp\spy_seeds_seconds\1s-level\17\spy_mahalanobis_state_3.csv
415,C:\Users\suare\data\tmp\spy_seeds_seconds\30s-level\17\spy_devset.csv
416,C:\Users\suare\data\tmp\spy_seeds_seconds\30s-level\17\spy_train.csv
417,C:\Users\suare\data\tmp\spy_seeds_seconds\30s-level\17\spy_mahalanobis_state_1.csv
418,C:\Users\suare\data\tmp\spy_seeds_seconds\30s-level\17\spy_mahalanobis_state_2.csv
419,C:\Users\suare\data\tmp\spy_seeds_seconds\30s-level\17\spy_mahalanobis_state_3.csv
420,C:\Users\suare\data\tmp\spy_seeds_seconds\5s-level\17\spy_devset.csv
421,C:\Users\suare\data\tmp\spy_seeds_seconds\5s-level\17\spy_train.csv
422,C:\Users\suare\data\tmp\spy_seeds_seconds\5s-level\17\spy_mahalanobis_state_1.csv
423,C:\Users\suare\data\tmp\spy_seeds_seconds\5s-level\17\spy_mahalanobis_state_2.csv
424,C:\Users\suare\data\tmp\spy_seeds_seconds\5s-level\17\spy_mahalanobis_state_3.csv
425,C:\Users\suare\data\tmp\spy_seeds_seconds\10s-level\18\spy_devset.csv
426,C:\Users\suare\data\tmp\spy_seeds_seconds\10s-level\18\spy_train.csv
427,C:\Users\suare\data\tmp\spy_seeds_seconds\10s-level\18\spy_mahalanobis_state_1.csv
428,C:\Users\suare\data\tmp\spy_seeds_seconds\10s-level\18\spy_mahalanobis_state_2.csv
429,C:\Users\suare\data\tmp\spy_seeds_seconds\10s-level\18\spy_mahalanobis_state_3.csv
430,C:\Users\suare\data\tmp\spy_seeds_seconds\15s-level\18\spy_devset.csv
431,C:\Users\suare\data\tmp\spy_seeds_seconds\15s-level\18\spy_train.csv
432,C:\Users\suare\data\tmp\spy_seeds_seconds\15s-level\18\spy_mahalanobis_state_1.csv
433,C:\Users\suare\data\tmp\spy_seeds_seconds\15s-level\18\spy_mahalanobis_state_2.csv
434,C:\Users\suare\data\tmp\spy_seeds_seconds\15s-level\18\spy_mahalanobis_state_3.csv
435,C:\Users\suare\data\tmp\spy_seeds_seconds\1s-level\18\spy_devset.csv
436,C:\Users\suare\data\tmp\spy_seeds_seconds\1s-level\18\spy_train.csv
437,C:\Users\suare\data\tmp\spy_seeds_seconds\1s-level\18\spy_mahalanobis_state_1.csv
438,C:\Users\suare\data\tmp\spy_seeds_seconds\1s-level\18\spy_mahalanobis_state_2.csv
439,C:\Users\suare\data\tmp\spy_seeds_seconds\1s-level\18\spy_mahalanobis_state_3.csv
440,C:\Users\suare\data\tmp\spy_seeds_seconds\30s-level\18\spy_devset.csv
441,C:\Users\suare\data\tmp\spy_seeds_seconds\30s-level\18\spy_train.csv
442,C:\Users\suare\data\tmp\spy_seeds_seconds\30s-level\18\spy_mahalanobis_state_1.csv
443,C:\Users\suare\data\tmp\spy_seeds_seconds\30s-level\18\spy_mahalanobis_state_2.csv
444,C:\Users\suare\data\tmp\spy_seeds_seconds\30s-level\18\spy_mahalanobis_state_3.csv
445,C:\Users\suare\data\tmp\spy_seeds_seconds\5s-level\18\spy_devset.csv
446,C:\Users\suare\data\tmp\spy_seeds_seconds\5s-level\18\spy_train.csv
447,C:\Users\suare\data\tmp\spy_seeds_seconds\5s-level\18\spy_mahalanobis_state_1.csv
448,C:\Users\suare\data\tmp\spy_seeds_seconds\5s-level\18\spy_mahalanobis_state_2.csv
449,C:\Users\suare\data\tmp\spy_seeds_seconds\5s-level\18\spy_mahalanobis_state_3.csv
450,C:\Users\suare\data\tmp\spy_seeds_seconds\10s-level\19\spy_devset.csv
451,C:\Users\suare\data\tmp\spy_seeds_seconds\10s-level\19\spy_train.csv
452,C:\Users\suare\data\tmp\spy_seeds_seconds\10s-level\19\spy_mahalanobis_state_1.csv
453,C:\Users\suare\data\tmp\spy_seeds_seconds\10s-level\19\spy_mahalanobis_state_2.csv
454,C:\Users\suare\data\tmp\spy_seeds_seconds\10s-level\19\spy_mahalanobis_state_3.csv
455,C:\Users\suare\data\tmp\spy_seeds_seconds\15s-level\19\spy_devset.csv
456,C:\Users\suare\data\tmp\spy_seeds_seconds\15s-level\19\spy_train.csv
457,C:\Users\suare\data\tmp\spy_seeds_seconds\15s-level\19\spy_mahalanobis_state_1.csv
458,C:\Users\suare\data\tmp\spy_seeds_seconds\15s-level\19\spy_mahalanobis_state_2.csv
459,C:\Users\suare\data\tmp\spy_seeds_seconds\15s-level\19\spy_mahalanobis_state_3.csv
460,C:\Users\suare\data\tmp\spy_seeds_seconds\1s-level\19\spy_devset.csv
461,C:\Users\suare\data\tmp\spy_seeds_seconds\1s-level\19\spy_train.csv
462,C:\Users\suare\data\tmp\spy_seeds_seconds\1s-level\19\spy_mahalanobis_state_1.csv
463,C:\Users\suare\data\tmp\spy_seeds_seconds\1s-level\19\spy_mahalanobis_state_2.csv
464,C:\Users\suare\data\tmp\spy_seeds_seconds\1s-level\19\spy_mahalanobis_state_3.csv
465,C:\Users\suare\data\tmp\spy_seeds_seconds\30s-level\19\spy_devset.csv
466,C:\Users\suare\data\tmp\spy_seeds_seconds\30s-level\19\spy_train.csv
467,C:\Users\suare\data\tmp\spy_seeds_seconds\30s-level\19\spy_mahalanobis_state_1.csv
468,C:\Users\suare\data\tmp\spy_seeds_seconds\30s-level\19\spy_mahalanobis_state_2.csv
469,C:\Users\suare\data\tmp\spy_seeds_seconds\30s-level\19\spy_mahalanobis_state_3.csv
470,C:\Users\suare\data\tmp\spy_seeds_seconds\5s-level\19\spy_devset.csv
471,C:\Users\suare\data\tmp\spy_seeds_seconds\5s-level\19\spy_train.csv
472,C:\Users\suare\data\tmp\spy_seeds_seconds\5s-level\19\spy_mahalanobis_state_1.csv
473,C:\Users\suare\data\tmp\spy_seeds_seconds\5s-level\19\spy_mahalanobis_state_2.csv
474,C:\Users\suare\data\tmp\spy_seeds_seconds\5s-level\19\spy_mahalanobis_state_3.csv
475,C:\Users\suare\data\tmp\spy_seeds_seconds\10s-level\20\spy_devset.csv
476,C:\Users\suare\data\tmp\spy_seeds_seconds\10s-level\20\spy_train.csv
477,C:\Users\suare\data\tmp\spy_seeds_seconds\10s-level\20\spy_mahalanobis_state_1.csv
478,C:\Users\suare\data\tmp\spy_seeds_seconds\10s-level\20\spy_mahalanobis_state_2.csv
479,C:\Users\suare\data\tmp\spy_seeds_seconds\10s-level\20\spy_mahalanobis_state_3.csv
480,C:\Users\suare\data\tmp\spy_seeds_seconds\15s-level\20\spy_devset.csv
481,C:\Users\suare\data\tmp\spy_seeds_seconds\15s-level\20\spy_train.csv
482,C:\Users\suare\data\tmp\spy_seeds_seconds\15s-level\20\spy_mahalanobis_state_1.csv
483,C:\Users\suare\data\tmp\spy_seeds_seconds\15s-level\20\spy_mahalanobis_state_2.csv
484,C:\Users\suare\data\tmp\spy_seeds_seconds\15s-level\20\spy_mahalanobis_state_3.csv
485,C:\Users\suare\data\tmp\spy_seeds_seconds\1s-level\20\spy_devset.csv
486,C:\Users\suare\data\tmp\spy_seeds_seconds\1s-level\20\spy_train.csv
487,C:\Users\suare\data\tmp\spy_seeds_seconds\1s-level\20\spy_mahalanobis_state_1.csv
488,C:\Users\suare\data\tmp\spy_seeds_seconds\1s-level\20\spy_mahalanobis_state_2.csv
489,C:\Users\suare\data\tmp\spy_seeds_seconds\1s-level\20\spy_mahalanobis_state_3.csv
490,C:\Users\suare\data\tmp\spy_seeds_seconds\30s-level\20\spy_devset.csv
491,C:\Users\suare\data\tmp\spy_seeds_seconds\30s-level\20\spy_train.csv
492,C:\Users\suare\data\tmp\spy_seeds_seconds\30s-level\20\spy_mahalanobis_state_1.csv
493,C:\Users\suare\data\tmp\spy_seeds_seconds\30s-level\20\spy_mahalanobis_state_2.csv
494,C:\Users\suare\data\tmp\spy_seeds_seconds\30s-level\20\spy_mahalanobis_state_3.csv
495,C:\Users\suare\data\tmp\spy_seeds_seconds\5s-level\20\spy_devset.csv
496,C:\Users\suare\data\tmp\spy_seeds_seconds\5s-level\20\spy_train.csv
497,C:\Users\suare\data\tmp\spy_seeds_seconds\5s-level\20\spy_mahalanobis_state_1.csv
498,C:\Users\suare\data\tmp\spy_seeds_seconds\5s-level\20\spy_mahalanobis_state_2.csv
499,C:\Users\suare\data\tmp\spy_seeds_seconds\5s-level\20\spy_mahalanobis_state_3.csv
